date,experiment,mrr,hits10,rec10,ndcg10
2026-05-15 12:00,LIGHTGCN_BUDDY_BCE_Hub_True,0.3516,0.5950,0.3054,0.2575
2026-05-15 12:30,LIGHTGCN_STANDARD_BCE_Hub_True,0.3355,0.5745,0.2846,0.2377
2026-05-15 13:00,MLP_BUDDY_BCE_Hub_True,0.3286,0.5665,0.2857,0.2392
2026-05-15 13:30,SAGE_BUDDY_BCE_Hub_True,0.3268,0.5617,0.2836,0.2383
2026-05-15 14:00,SAGE_STANDARD_BCE_Hub_True,0.3210,0.5533,0.2645,0.2221
2026-05-15 14:30,LIGHTGCN_BUDDY_BCE_Hub_False,0.3190,0.5268,0.2583,0.2204
2026-05-15 15:00,MLP_STANDARD_BCE_Hub_True,0.3076,0.5296,0.2388,0.2036
2026-05-15 15:30,MLP_BUDDY_BCE_Hub_False,0.3047,0.5338,0.2646,0.2196
2026-05-15 16:00,SAGE_BUDDY_BCE_Hub_False,0.2859,0.5216,0.2575,0.2071
2026-05-15 16:30,LIGHTGCN_STANDARD_BCE_Hub_False,0.2850,0.5268,0.2592,0.2065
2026-05-15 17:00,SAGE_STANDARD_BCE_Hub_False,0.2671,0.5075,0.2343,0.1867
2026-05-15 17:30,MLP_STANDARD_BCE_Hub_False,0.2587,0.4720,0.2088,0.1722
2026-05-15 18:00,NEOGNN_STANDARD_MARGIN_Hub_False,0.2094,0.4799,0.0639,0.0889
2026-05-15 18:30,LIGHTGCN_STANDARD_MARGIN_Hub_False,0.1900,0.4254,0.0528,0.0739
2026-05-15 19:00,LIGHTGCN_NCN_MARGIN_Hub_False,0.1634,0.3698,0.0522,0.0704
2026-05-15 19:30,SGC_STANDARD_MARGIN_Hub_False,0.1611,0.3786,0.0482,0.0648
2026-05-15 20:00,NEOGNN_NCN_MARGIN_Hub_False,0.1575,0.3592,0.0472,0.0646
2026-05-15 20:30,SGC_NCN_MARGIN_Hub_False,0.1351,0.3078,0.0415,0.0567
2026-05-15 21:00,CATBOOST_QUERYRMSE_Hub_False,0.1188,0.2117,0.0680,0.0610
2026-05-15 21:30,DIRGCN_NCN_BPR_Hub_False,0.1001,0.2412,0.0260,0.0357
2026-05-15 22:00,BASELINE_TOPO_HEURISTICS,0.1019,0.1820,0.0165,0.0296
2026-05-15 22:30,CATBOOST_INDUCTIVE_YETIRANK_Hub_False,0.0774,0.1386,0.0479,0.0429
2026-05-15 23:00,CATBOOST_COLD_START_YETIRANK_Hub_False,0.0138,0.0217,0.0046,0.0052
